material_id,formula_pretty,nsites,crystal_system,formation_energy_per_atom,is_stable
mp-774082,Li(CoO2)2,56,P2_1,-1.504019697,TRUE
mp-530277,Li10Co11O21,84,P-1,-1.694866374,FALSE
mp-1185179,Li10Co4O9,46,P4_2/nmc,-1.773019753,FALSE
mp-769567,Li10Ti11Cr9O40,70,P-1,-2.921829783,FALSE
mp-769483,Li11(CoO4)2,42,C222_1,-1.911476091,FALSE
mp-757395,Li11(RuO3)8,43,P1,-1.723523984,FALSE
mp-531078,Li13Co11O24,96,P2_1/c,-1.736836792,FALSE
mp-766887,Li13Co15O28,56,P-1,-1.6173987,FALSE
mp-777836,Li14Co13O28,55,P-1,-1.703502215,FALSE
mp-543091,Li16(CoO4)3,62,P1,-1.910045747,FALSE
mp-1172980,Li17(CoO4)3,64,P1,-1.920597882,FALSE
mp-532301,Li20(CoO2)21,83,P-1,-1.717038068,FALSE
mp-685270,Li20Co21O40,81,I-4,-1.664911499,FALSE
mp-850954,Li21(CoO4)4,82,Pc,-1.89093755,FALSE
mp-778889,Li24Ti11CrO36,72,C2,-2.916205109,FALSE
mp-768397,Li24Ti5Cr7O36,72,P1,-2.540866447,FALSE
mp-771282,Li24Ti7Cr5O36,72,P1,-2.664230907,FALSE
mp-1178068,Li24TiCr11O36,72,C2,-2.292969774,FALSE
mp-770678,Li2Cr2O7,44,P2_1/c,-1.869158294,FALSE
mp-770390,Li2Cr4O13,76,P2_1/c,-1.727545546,FALSE
mp-772650,Li2Cr5O12,76,Pbcn,-1.984590196,FALSE
mp-17159,Li2CrO4,42,R-3,-2.085815476,TRUE
mp-1177919,Li2Mn3NiO8,56,P2_1,-1.894660363,FALSE
mp-774906,Li2MnNi3O8,56,P1,-1.44596687,FALSE
mp-758062,Li2NbCo3O8,56,P4_332,-1.955367055,FALSE
mp-775164,Li2NbCr3O8,56,P4_332,-2.556869939,FALSE
mp-757277,Li2Ti2CoO6,44,Cmce,-2.736133254,FALSE
mp-1662153,Li2Ti3CoO8,56,Pmc2_1,-2.92294621,FALSE
mp-756280,Li2Ti3CrO8,56,R-3m,-3.061923764,FALSE
mp-1177861,Li2TiCo3O8,56,P1,-1.914301674,FALSE
mp-1178000,Li2TiCr3O8,56,C222_1,-2.564981592,FALSE
mp-1210963,Li2Zn2(MoO4)3,76,Pnma,-2.036678279,FALSE
mp-777154,Li32Ti11Cr5O48,96,C2,-2.735726601,FALSE
mp-778621,Li32Ti3Cr13O48,96,P1,-2.371456069,FALSE
mp-777532,Li32Ti5Cr11O48,96,C2,-2.451844144,FALSE
mp-757535,Li35(RuO4)12,95,C2,-1.921258539,FALSE
mp-770728,Li3CrO4,48,P2,-2.103532293,FALSE
mp-758709,Li3Mn5(NiO6)2,66,P1,-1.864427853,FALSE
mp-755780,Li3Nb2CrO6,48,C2/m,-2.502707673,FALSE
mp-756972,Li3Ti2CrO6,48,C2/m,-2.759480563,FALSE
mp-772982,Li3Ti6Co3O16,56,P2_1,-2.862402834,FALSE
mp-1177487,Li47(CoO4)8,87,P1,-1.913837475,FALSE
mp-759373,Li4Co13O28,45,P1,-1.243164557,FALSE
mp-758387,Li4Co15O28,47,P-1,-1.327491752,FALSE
mp-759802,Li4Co5O12,42,P2_1,-1.4495636,FALSE
mp-771197,Li4Co7O16,54,P2_1,-1.360527792,FALSE
mp-759349,Li4CoO4,72,Pc,-1.782284354,FALSE
mp-770826,Li4CrO5,40,P-1,-2.027035595,FALSE
mp-758487,Li4Mn2Ni5O12,46,P2_1,-1.623556711,FALSE
mp-758838,Li4Mn5(NiO6)2,46,P2_1,-1.929218531,FALSE
mp-756524,Li4NbCr5O12,44,C2/m,-2.433659515,FALSE
mp-774904,Li4Ti(Co4O9)2,62,Pmc2_1,-1.611247567,FALSE
mp-861696,Li4Ti4Cr5O18,62,Pbam,-2.710281733,FALSE
mp-767054,Li4Ti4Mn4NiO18,62,Pbam,-2.542854899,FALSE
mp-1639499,Li4TiCo5O12,44,P1,-1.871602474,FALSE
mp-1178121,Li(Fe2O3)4,42,P-1,-1.660318134,FALSE
mp-773043,Li(FeO2)2,56,P1,-1.639795401,FALSE
mp-774941,Li(NiO2)2,56,P4_332,-1.213934436,TRUE
mp-530628,Li10Mn21O48,79,C2/m,-1.888600486,FALSE
mp-531323,Li10Mn23O48,81,Cm,-1.938841662,FALSE
mp-1223041,Li11(MoO2)12,47,P-1,-1.94150822,FALSE
mp-38676,Li11(NiO2)12,47,C2/m,-1.438763622,FALSE
mp-769472,Li11(NiO4)2,42,C2,-1.828003247,FALSE
mp-531021,Li11Mn13O32,56,C2/m,-2.0280939,FALSE
mp-779771,Li11Mn6O16,66,P1,-2.109835874,FALSE
mp-769524,Li11Nb4(Ni3O8)3,48,P1,-2.100535634,FALSE
mp-758517,Li11Ni13O24,48,C2/m,-1.456841669,FALSE
mp-760001,Li11Ti12(NiO8)4,59,R32,-2.85321864,FALSE
mp-771347,Li11Ti4Fe9O32,56,P1,-2.090430908,FALSE
mp-760216,Li11Ti4Mn12O32,59,C2,-2.379518036,FALSE
mp-769463,Li11Ti8Fe5O32,56,P1,-2.571333623,FALSE
mp-774644,Li11V12(CuO4)12,83,C2/m,-1.933934677,FALSE
mp-758440,Li11V16O32,59,P1,-2.474247781,FALSE
mp-1199885,Li12Mo5O17,68,P-1,-2.166939873,FALSE
mp-759703,Li12Ni11O28,51,P1,-1.297307165,FALSE
mp-759819,Li13Mn17O40,70,C2/m,-2.04318326,FALSE
mp-530398,Li13Mn21O48,82,Cm,-2.010571703,FALSE
mp-1653421,Li13Mn2O9,48,P1,-2.017569162,FALSE
mp-758228,Li13Mn8O24,45,C2,-2.014005349,FALSE
mp-757347,Li13Ni15O28,56,P-1,-1.466307158,FALSE
mp-769473,Li13Ni9O22,44,P-1,-1.524937367,FALSE
mp-777360,Li13V24O52,89,P1,-2.418543263,FALSE
mp-781016,Li14Fe4O13,62,P2_1/c,-1.922045421,FALSE
mp-770530,Li14Mn2O9,50,P-3,-2.008010473,FALSE
mp-705910,Li15(NiO2)14,57,Cm,-1.474656213,FALSE
mp-760337,Li16Mn15(CuO12)3,70,P1,-1.976798133,FALSE
mp-757655,Li17Ni11O28,56,P-1,-1.53456924,FALSE
mp-761629,Li17V16O32,65,Cm,-2.442034112,FALSE
mp-698842,Li19Ni23O42,84,P-1,-1.462964944,FALSE
mp-1223171,Li19V12O32,63,Cm,-2.439465242,FALSE
mp-758726,Li2(NiO2)3,66,P1,-1.275052628,FALSE
mp-769519,Li21(FeO4)4,41,C2,-1.997100936,FALSE
mp-530102,Li21Mo11O32,64,C2/m,-2.107897895,FALSE
mp-705828,Li23Ni17O40,80,P-1,-1.513393262,FALSE
mp-772934,Li2Fe3CuO8,56,P2_13,-1.495597212,FALSE
mp-773062,Li2Mn3CuO8,56,P1,-1.863248784,FALSE
mp-774515,Li2Mn3NbO8,56,P4_332,-2.308295021,FALSE
mp-758273,Li2Mn3O6,44,P1,-2.01668725,FALSE
mp-704943,Li2Mn3ZnO8,56,P2_13,-2.015644155,TRUE
mp-849474,Li2Mn5(CuO6)2,42,P2_1,-1.734570196,FALSE
mp-758656,Li2Mn7O12,42,P2_1,-2.002404913,FALSE
mp-760025,Li2MnCu3O8,56,P4_332,-1.348324027,FALSE
mp-27222,Li2Mo4O13,57,P-1,-2.041769997,FALSE
mp-1223324,Li2MoO3,48,P-1,-2.134107963,FALSE
mp-18050,Li2MoO4,42,R-3,-2.270608245,TRUE
mp-759780,Li2Nb6NiO18,54,P1,-2.672112705,FALSE
mp-760364,Li2NbFe3O8,56,P4_332,-2.157033522,FALSE
mp-772854,Li2NbV3O8,56,P4_332,-2.640247679,FALSE
mp-758979,Li2Ti2Mn5O12,42,P2_1,-2.422325811,FALSE
mp-831246,Li2Ti2NiO6,44,Cmce,-2.718553701,FALSE
mp-754529,Li2Ti2VO6,44,Cmce,-2.910279252,FALSE
mp-1177863,Li2Ti3FeO8,56,P2_13,-2.942808008,FALSE
mp-1177884,Li2Ti3MnO8,56,R3m,-3.052586627,FALSE
mp-756409,Li2Ti3NiO8,56,R-3m,-2.940684496,FALSE
mp-753240,Li2Ti3V3O12,40,P-1,-2.865523792,FALSE
mp-756158,Li2Ti3VO8,56,R-3m,-3.096307818,FALSE
mp-775316,Li2TiFe3O8,56,P1,-2.144268355,FALSE
mp-761095,Li2TiMn2O6,66,P2_1/c,-2.452669696,FALSE
mp-758872,Li2TiMn3O8,42,P-1,-2.333091148,FALSE
mp-775328,Li2TiNi3O8,56,P2_12_12_1,-1.763398672,FALSE
mp-1177856,Li2TiV3O8,56,P4_32_12,-2.711225272,FALSE
mp-1573040,Li2TiV5O12,40,P1,-2.576269554,FALSE
mp-773021,Li2V12O29,43,C2/m,-2.327688562,FALSE
mp-1198472,Li2V18O39,59,C2/m,-2.403290609,FALSE
mp-773650,Li2V3CuO8,56,P2_12_12_1,-2.245298682,FALSE
mp-772164,Li2V3O7,72,P31c,-2.427347383,FALSE
mp-772205,Li2V3O8,52,P4_332,-2.352933088,FALSE
mp-776130,Li2V5O12,76,Pbcn,-2.436456272,FALSE
mp-760809,Li3(FeO3)2,66,C2/c,-1.664155426,FALSE
mp-850218,Li35(FeO4)8,75,P1,-1.933387863,FALSE
mp-1177736,Li3Cu2Ni5O12,66,P1,-1.200752047,FALSE
mp-586092,Li3Fe5O8,64,Cmcm,-1.776148143,FALSE
mp-705636,Li3Mn10O20,66,Cm,-1.900534047,FALSE
mp-1177832,Li3Mn28O56,87,C2,-1.8299185,FALSE
mp-758802,Li3Mn3O8,56,C2,-1.936767969,FALSE
mp-1177674,Li3Mn4O8,60,P1,-2.063061425,FALSE
mp-1177687,Li3Mn7O12,66,P1,-2.029653769,FALSE
mp-531365,Li3Mn8O16,54,Pmmn,-1.982966277,FALSE
mp-770556,Li3MnO3,84,P321,-2.045537517,FALSE
mp-773121,Li3Nb2VO6,48,C2/m,-2.532983179,FALSE
mp-758143,Li3Ni5O8,48,C2/m,-1.414610158,FALSE
mp-1177647,Li3Ni7O12,66,P1,-1.214328066,FALSE
mp-758512,Li3Ti2Mn5O12,66,P1,-2.443699908,FALSE
mp-1177731,Li3Ti2V5O12,66,P1,-2.648169317,FALSE
mp-1304492,Li3Ti3VO8,60,C2/m,-2.916389079,FALSE
mp-759205,Li3TiMn3O8,45,P-1,-2.385020574,FALSE
mp-772492,Li3V12O29,44,Cm,-2.370848703,FALSE
mp-1177621,Li3V24O58,85,P1,-2.337412071,FALSE
mp-770492,Li24Mn11CrO36,72,P1,-2.181905346,FALSE
mp-768726,Li24Mn5Cr7O36,72,P1,-2.20744582,FALSE
mp-768724,Li24Mn7Cr5O36,72,P1,-2.198614386,FALSE
mp-1178077,Li24MnCr11O36,72,C2,-2.228227097,FALSE
mp-1223182,Li2Fe2(MoO4)3,76,Pc,-2.018059261,FALSE
mp-775291,Li2Mn2Cr3O12,76,Pbcn,-1.949789045,FALSE
mp-1177935,Li2Mn3CoO8,56,P4_332,-1.873432377,FALSE
mp-775679,Li2Mn3CrO8,56,P4_32_12,-2.14092837,FALSE
mp-757572,Li2MnCo3O8,56,P4_332,-1.654012647,FALSE
mp-1177916,Li2MnCr3O8,56,P4_32_12,-2.245291306,FALSE
mp-770856,Li2MnCrO4,64,P-1,-2.258238412,FALSE
mp-776874,Li2V3(FeO6)2,76,Pbcn,-2.127138745,FALSE
mp-773482,Li2V3FeO8,56,P4_3,-2.343719016,FALSE
mp-772953,Li2VFe3O8,56,P4_332,-1.986185692,FALSE
mp-1177783,Li32Mn11Cr5O48,96,P1,-2.181095469,FALSE
mp-1177747,Li32Mn13Cr3O48,96,P1,-2.186983664,FALSE
mp-777576,Li32Mn3Cr13O48,96,P1,-2.221061047,FALSE
mp-1177991,Li32Mn5Cr11O48,96,P1,-2.211491406,FALSE
mp-1222986,Li3Fe(MoO4)3,76,Pc,-2.084492966,FALSE
mp-775234,Li3V3(FeO6)2,80,P2_1/c,-2.235944799,FALSE
mp-774648,Li3V4FeO12,40,C2,-2.314927089,FALSE
mp-774397,Li4Mn2Co5O12,46,P2_1,-1.693875284,FALSE
mp-1642421,Li4Mn3(CoO4)3,44,P-1,-1.786584683,FALSE
mp-768594,Li4MnCrO6,48,P1,-2.203501526,FALSE
mp-774525,Li4Ti3Mn4(CoO9)2,62,Pmc2_1,-2.333640003,FALSE
mp-768109,Li4Ti3V2(Fe2O9)2,62,Pmc2_1,-2.443737132,FALSE
mp-767219,Li4Ti4Mn(Co2O9)2,62,Pbam,-2.353681247,FALSE
mp-774293,Li4Ti4Mn4CoO18,62,Pbam,-2.539102407,FALSE
mp-767675,Li4Ti4V(Fe2O9)2,62,Pbam,-2.541720312,FALSE
mp-758608,Li4V2Fe5O12,46,P2_1,-1.988969103,FALSE
mp-760208,Li4V3(FeO6)2,84,P2_1/c,-2.255769366,FALSE
mp-774849,Li4V5(Fe2O9)2,62,Pbam,-2.15211294,FALSE
mp-850103,Li4V5(FeO6)2,46,P2_1,-2.263146309,FALSE
mp-760336,Li5Mn5CoO12,69,P1,-1.99238837,FALSE
mp-761082,Li5MnCr3O8,68,P4_32_12,-2.235021077,FALSE
mp-1641416,Li6Mn5CoO12,48,P-1,-2.03389495,FALSE
mp-769505,Li7Mn10Cr6O32,55,P1,-2.150128298,FALSE
mp-1174508,Li7Mn2(CoO4)3,48,C2/m,-1.861471744,FALSE
mp-1175125,Li7Mn4CoO12,48,P-1,-2.06892082,FALSE
mp-772115,Li2Cr3(CoO6)2,76,Pbcn,-1.75510423,FALSE
mp-1178061,Li2Cr3CoO8,56,P1,-2.036107104,FALSE
mp-765542,Li3Cr3(CoO6)2,80,P2_1/c,-1.789256516,FALSE
mp-1666930,Li5Cr2Co3O10,40,P1,-1.918060142,FALSE
mp-772364,Li9Cr12Co7O48,76,P1,-1.732257914,FALSE
mp-771052,Li10Fe3Ni7O20,40,P2/m,-1.62116402,FALSE
mp-769545,Li10FeNi9O20,40,P-1,-1.529883351,FALSE
mp-780190,Li2Cr3(NiO6)2,76,Pbcn,-1.73289688,FALSE
mp-1178044,Li2Cr3NiO8,56,P4_3,-2.010807735,FALSE
mp-1178127,Li2Fe3NiO8,56,P2_1,-1.514888937,FALSE
mp-776318,Li2FeNi3O8,56,P1,-1.323607985,FALSE
mp-1211383,Li2Ni2(MoO4)3,76,Pnma,-1.935700087,FALSE
mp-772885,Li3Cr3(NiO6)2,80,P2_1/c,-1.768661813,FALSE
mp-768676,Li3Cr3NiO8,60,P2/m,-2.076828583,FALSE
mp-759182,Li3Fe2Ni5O12,66,P1,-1.361472358,FALSE
mp-780469,Li4Cr2Ni5O12,46,P2_1,-1.652394907,FALSE
mp-758641,Li4Fe2Ni5O12,46,P2_1,-1.478019304,FALSE
mp-758177,Li4Fe5(NiO6)2,46,P2_1,-1.701453639,FALSE
mp-1177433,Li4Ti4Cr4NiO18,62,Pbam,-2.616355378,FALSE
mp-767907,Li4Ti4V4NiO18,62,Pbam,-2.735778385,FALSE
mp-759272,Li5Cr3NiO8,68,P4_332,-2.155423966,FALSE
mp-1282931,Li5V2Ni3O10,40,P1,-2.046535193,FALSE
mp-769574,Li7V6Ni5O24,42,P-1,-2.122546557,FALSE
mp-1177063,Li9Cr12Ni7O48,76,P1,-1.717493184,FALSE
mp-1177869,Li2V3CoO8,56,P2_13,-2.327532203,FALSE
mp-778232,Li2V3Cr2O12,76,Pbcn,-2.324623819,FALSE
mp-773082,Li2V3CrO8,56,P2_1,-2.478027092,FALSE
mp-782662,Li2V5Cr2O12,42,P2_1,-2.389611027,FALSE
mp-774919,Li3V3(CoO6)2,80,P2_1/c,-2.049615438,FALSE
mp-774596,Li4Ti2V3Cr4O18,62,Pbam,-2.568768917,FALSE
mp-774581,Li4Ti3V2Cr4O18,62,Pmc2_1,-2.657043618,FALSE
mp-774678,Li4Ti3V4Cr2O18,62,Pmc2_1,-2.684663139,FALSE
mp-884288,Li4Ti4V4CrO18,62,Pbam,-2.797962325,FALSE
mp-774577,Li4Ti4VCr4O18,62,Pbam,-2.760242119,FALSE
mp-767927,Li4TiV4Cr4O18,62,Pmc2_1,-2.471774953,FALSE
mp-780707,Li4V5Cr2O12,46,P2_1,-2.38162297,FALSE
mp-1177172,Li4V5Cr4O18,62,Pbam,-2.373336488,FALSE
mp-756826,Li5V3Cr2O10,40,P-1,-2.421192096,FALSE
mp-772560,Li9V12Cr7O48,76,P1,-2.266544556,FALSE
mp-1178111,Li10Co3Ni7O20,40,C2/m,-1.556630193,FALSE
mp-759912,Li10CoNi9O20,40,P1,-1.517008353,FALSE
mp-757851,Li2Co3NiO8,56,P4_332,-1.358070485,FALSE
mp-1178037,Li2CoNi3O8,56,P1,-1.288098482,FALSE
mp-775285,Li2CoNi3O8,56,P2_12_12_1,-1.281414649,FALSE
mp-887677,Li2CoNi3O8,56,P4_132,-1.241651586,FALSE
mp-1177949,Li2Mn2V3O12,76,Pbcn,-2.227585735,FALSE
mp-775099,Li2Mn3FeO8,56,P4_332,-1.954936146,FALSE
mp-777396,Li2Mn3FeO8,56,P4_32_12,-2.001575834,FALSE
mp-1177922,Li2Mn3VO8,56,P2_12_12_1,-2.186967915,FALSE
mp-849953,Li2Mn3VO8,56,P2_1,-2.181690141,FALSE
mp-769550,Li2Mn5(FeO6)2,42,Cc,-1.953146277,FALSE
mp-773804,Li2MnFe3O8,56,P4_332,-1.815892731,FALSE
mp-1177891,Li2MnV3O8,56,R3,-2.43357068,FALSE
mp-1178076,Li2MnV3O8,56,P1,-2.408324843,FALSE
mp-775327,Li2MnV3O8,56,P2_13,-2.43494695,FALSE
mp-775492,Li2MnV3O8,56,P2_12_12_1,-2.411432464,FALSE
mp-774300,Li3CoNi3O8,45,P-1,-1.42376841,FALSE
mp-774814,Li3Mn2V3O12,80,P2_1/c,-2.302056938,FALSE
mp-769530,Li3Mn4(FeO6)2,42,P-1,-1.983850388,FALSE
mp-849955,Li3Mn5(FeO6)2,66,P1,-1.939473421,FALSE
mp-774685,Li3Mn5FeO12,42,C2/c,-2.023431468,FALSE
mp-1666401,Li3MnV4O12,40,C2,-2.377219737,FALSE
mp-1177650,Li4Co2Ni5O12,69,P1,-1.410386276,FALSE
mp-1641824,Li4Co5NiO12,44,C2/m,-1.468007365,FALSE
mp-1648324,Li4Co5NiO12,44,P1,-1.483133219,FALSE
mp-755767,Li4Co5NiO12,44,C2/m,-1.471348785,FALSE
mp-760844,Li4Mn2V3O12,84,P2_1/c,-2.344702154,FALSE
mp-759274,Li4Mn2V5O12,46,P2_1,-2.350652941,FALSE
mp-1177555,Li4Mn5(Fe2O9)2,62,Pm,-1.844407576,FALSE
mp-769449,Li4Mn5(Fe2O9)2,62,P2/m,-1.843927831,FALSE
mp-759127,Li4Mn5(FeO6)2,46,P2_1,-1.99987616,FALSE
mp-767370,Li4Ti2Mn3(Fe2O9)2,62,Pbam,-2.168311136,FALSE
mp-774494,Li4Ti2Mn4(FeO6)3,62,Pbam,-2.18370315,FALSE
mp-1177270,Li4Ti3Mn2(Fe2O9)2,62,Pmc2_1,-2.320213111,FALSE
mp-774626,Li4Ti3Mn4(FeO9)2,62,Pmc2_1,-2.386982653,FALSE
mp-767373,Li4Ti4Mn(Fe2O9)2,62,Pbam,-2.477002443,FALSE
mp-774578,Li4Ti4Mn4FeO18,62,Pbam,-2.563060544,FALSE
mp-766883,Li4Ti4Mn4VO18,62,Pbam,-2.657494978,FALSE
mp-1320203,Li5Co2Ni3O10,40,P1,-1.58884887,FALSE
mp-755607,Li5Co2Ni3O10,40,P-1,-1.600919093,FALSE
mp-769553,Li5Co2Ni3O10,40,P2/m,-1.579174375,FALSE
mp-755076,Li5Co3(NiO5)2,40,P-1,-1.559328204,FALSE
mp-760155,Li5Co4(NiO6)2,69,P1,-1.518505068,FALSE
mp-775411,Li5Mn2Fe17O32,56,P1,-1.757577912,FALSE
mp-1290410,Li5Mn2Fe3O10,40,P1,-1.972399674,FALSE
mp-1302313,Li5Mn2Fe3O10,40,P1,-1.985788085,FALSE
mp-1303877,Li5Mn2Fe3O10,40,P1,-1.986322058,FALSE
mp-1304518,Li5Mn2Fe3O10,40,P1,-1.988770687,FALSE
mp-755514,Li5Mn2Fe3O10,40,P-1,-2.001909186,FALSE
mp-754473,Li5Mn2V3O10,40,P-1,-2.320868929,FALSE
mp-756863,Li5Mn3V2O10,40,P-1,-2.294880366,FALSE
mp-775954,Li5Mn7Fe3O20,70,C2/m,-1.928642258,FALSE
mp-779755,Li5Mn7Fe3O20,70,P1,-1.98746639,FALSE
mp-771896,Li5Mn8Fe11O32,56,Cm,-1.858616889,FALSE
mp-764142,Li5MnV3O8,68,P4_332,-2.296890381,FALSE
mp-1176867,Li8CoNi9O20,76,Pm,-1.396816837,FALSE
mp-850772,Li8CoNi9O20,76,Pm,-1.396117404,FALSE
mp-771651,Li8Mn13Fe3O32,56,P-1,-2.018988343,FALSE
mp-772658,Li9Mn7V12O48,76,P1,-2.204089762,FALSE
mp-831248,Li9Mn7V12O48,76,P1,-2.21142653,FALSE
mp-760848,Li10Fe3Co7O20,40,P2/m,-1.789790542,FALSE
mp-770651,Li10Fe9CoO20,40,P2/m,-1.917774059,FALSE
mp-764262,Li10FeCo9O20,40,P1,-1.719829428,FALSE
mp-775129,Li2Cr3(FeO6)2,76,Pbcn,-1.802654604,FALSE
mp-777653,Li2Cr3FeO8,56,P1,-2.114950861,FALSE
mp-762142,Li2Fe3CoO8,56,P4_32_12,-1.642854193,FALSE
mp-878729,Li2Fe3CoO8,56,P4_132,-1.630583095,FALSE
mp-1177976,Li2FeCo3O8,56,C2,-1.531027277,FALSE
mp-758079,Li2FeCo3O8,56,P4_332,-1.531052539,FALSE
mp-761944,Li2FeCo3O8,56,P1,-1.560746382,FALSE
mp-771093,Li3Cr10Fe5O24,42,Cm,-2.167853941,FALSE
mp-850397,Li4Cr2Fe5O12,46,P2_1,-1.951802745,FALSE
mp-775227,Li4Fe5(CoO6)2,46,P2_1,-1.708840435,FALSE
mp-775160,Li4Ti2Fe4(CoO6)3,62,Pbam,-1.948048396,FALSE
mp-769457,Li4Ti4Cr(Fe2O9)2,62,Pbam,-2.493699517,FALSE
mp-774870,Li4TiFe4(Co2O9)2,62,Pmc2_1,-1.709325915,FALSE
mp-759913,Li5Cr3FeO8,68,P1,-2.183615987,FALSE
mp-769566,Li5Fe2Co3O10,40,Pm,-1.803209097,FALSE
mp-1176819,Li9Cr12Fe7O48,76,P1,-1.803694366,FALSE
mp-1643720,Li4TiCo5O12,44,C2/c,-1.84889186,FALSE
mp-1645230,Li4TiCo5O12,44,C2/m,-1.872170336,FALSE
mp-1645697,Li4TiCo5O12,44,C2,-1.846224312,FALSE
mp-1646154,Li4TiCo5O12,44,P1,-1.849265262,FALSE
mp-1647689,Li4TiCo5O12,44,C2,-1.809299449,FALSE
mp-1667834,Li4TiCo5O12,44,C2,-1.808840417,FALSE
mp-1978851,Li4TiCo5O12,44,C2/c,-1.858209093,FALSE
mp-759597,Li4TiCr5O12,66,P-1,-2.452083833,FALSE
mp-1653381,Li4TiCrO6,48,P2_1/c,-2.601160256,FALSE
mp-753412,Li4TiCrO6,48,C2/c,-2.599109896,FALSE
mp-768386,Li4TiCrO6,48,P1,-2.602929678,FALSE
mp-768387,Li4TiCrO6,48,P1,-2.603753188,FALSE
mp-768403,Li4TiCrO6,48,C2,-2.597954798,FALSE
mp-768404,Li4TiCrO6,48,C2/c,-2.599248592,FALSE
mp-768438,Li4TiCrO6,48,P1,-2.601447235,FALSE
mp-756514,Li4Y3CrO8,64,C222,-2.982472026,FALSE
mp-760135,Li5(CoO2)4,68,P1,-1.653816351,FALSE
mp-766589,Li5(CoO2)8,58,P1,-1.538735324,FALSE
mp-771191,Li5Co7O16,56,P2_1,-1.474711835,FALSE
mp-760147,Li5CoO4,80,Pbca,-1.919076385,FALSE
mp-773454,Li5CoO4,40,Pnnm,-1.87916795,FALSE
mp-779022,Li5CoO4,80,Pbca,-1.868824746,FALSE
mp-754233,Li5CrO5,44,C2,-2.077513657,FALSE
mp-18925,Li6CoO4,44,P4_2/nmc,-1.937202422,TRUE
mp-781691,Li6Cr5O12,46,P2_1,-2.239312318,FALSE
mp-758650,Li6MnNi7O16,60,P-1,-1.452632762,FALSE
mp-759369,Li6MnNi7O16,60,P1,-1.450847333,FALSE
mp-772994,Li6Ti15Co3O32,56,R3m,-3.046832797,FALSE
mp-774674,Li6Ti7Cr5O24,42,P-1,-2.943574472,FALSE
mp-1174494,Li7Co5O12,48,P-1,-1.693525379,FALSE
mp-1640700,Li7Co5O12,48,P2/m,-1.741166758,FALSE
mp-1648494,Li7Co5O12,48,C2,-1.736568835,FALSE
mp-1651230,Li7Co5O12,48,P1,-1.693896001,FALSE
mp-1653728,Li7Co5O12,48,P2,-1.717400273,FALSE
mp-1666632,Li7Co5O12,48,P1,-1.689409599,FALSE
mp-1979024,Li7Co5O12,48,P-1,-1.682186276,FALSE
mp-1640123,Li8(CoO2)5,46,P-1,-1.706110576,FALSE
mp-1641030,Li8(CoO2)5,46,P-1,-1.704643351,FALSE
mp-1646718,Li8(CoO2)5,46,P-1,-1.700975976,FALSE
mp-752627,Li8(CoO2)5,46,P-1,-1.704899213,FALSE
mp-770861,Li8Cr2O9,76,P-1,-2.083851491,FALSE
mp-771196,Li8Mn12Ni4O31,55,P1,-1.933928172,FALSE
mp-772976,Li8Mn15NiO32,56,R32,-2.031767711,FALSE
mp-776979,Li9(CoO4)2,76,Pca2_1,-1.849942752,FALSE
mp-676252,Li9(RuO3)10,49,P-1,-1.568763532,FALSE
mp-758645,Li9Co13O28,50,P1,-1.509413225,FALSE
mp-758732,Li9Co13O28,50,P1,-1.508908494,FALSE
mp-851096,Li9Cr19O48,76,P1,-1.972036026,FALSE
mp-851274,Li9Cr19O48,76,P1,-1.961379821,FALSE
mp-1176793,Li9Mn12Ni3O32,56,R32,-1.959048409,FALSE
mp-769460,Li9Mn12Ni3O32,56,C2,-1.961634923,FALSE
mp-759088,Li9Ti7Cr6O30,52,P3,-2.689998582,FALSE
mp-759353,LiCo5O8,56,P4_332,-1.354812408,FALSE
mp-772513,LiCr3O8,48,Pnma,-1.861248641,FALSE
mp-770652,LiCr3O9,78,Cc,-1.693596022,FALSE
mp-1639368,Li7Mn4CoO12,48,P-1,-2.06734623,FALSE
mp-1639391,Li7Mn4CoO12,48,C2/m,-2.067672153,FALSE
mp-1639498,Li7Mn4CoO12,48,P-1,-2.037842999,FALSE
mp-1639755,Li7Mn4CoO12,48,C2/m,-2.038782411,FALSE
mp-1640193,Li7Mn4CoO12,48,P-1,-2.034786866,FALSE
mp-1640232,Li7Mn4CoO12,48,P-1,-2.037707514,FALSE
mp-1640528,Li7Mn4CoO12,48,C2/m,-2.039471704,FALSE
mp-1641094,Li7Mn4CoO12,48,P-1,-2.039354818,FALSE
mp-1642922,Li7Mn4CoO12,48,C2/m,-2.064643795,FALSE
mp-1643277,Li7Mn4CoO12,48,P-1,-2.05993325,FALSE
mp-1643524,Li7Mn4CoO12,48,C2/m,-2.07147786,FALSE
mp-1645043,Li7Mn4CoO12,48,P-1,-2.067360068,FALSE
mp-1645663,Li7Mn4CoO12,48,P-1,-2.036584722,FALSE
mp-1647854,Li7Mn4CoO12,48,P-1,-2.037524149,FALSE
mp-1650226,Li7Mn4CoO12,48,P-1,-2.076459875,FALSE
mp-1650471,Li7Mn4CoO12,48,C2,-2.071251307,FALSE
mp-1650552,Li7Mn4CoO12,48,C2/m,-2.06501474,FALSE
mp-1651188,Li7Mn4CoO12,48,P1,-2.075029526,FALSE
mp-1651930,Li7Mn4CoO12,48,P1,-2.036026534,FALSE
mp-1653341,Li7Mn4CoO12,48,P2,-2.074909514,FALSE
mp-1666304,Li7Mn4CoO12,48,Cm,-2.042581081,FALSE
mp-1666320,Li7Mn4CoO12,48,P-1,-2.057349759,FALSE
mp-1666476,Li7Mn4CoO12,48,P-1,-2.067127138,FALSE
mp-1666595,Li7Mn4CoO12,48,P-1,-2.033747834,FALSE
mp-1667041,Li7Mn4CoO12,48,C2/m,-2.08101699,FALSE
mp-1667092,Li7Mn4CoO12,48,Pm,-2.036151696,FALSE
mp-1667122,Li7Mn4CoO12,48,P1,-2.072690349,FALSE
mp-1667712,Li7Mn4CoO12,48,P-1,-2.060523948,FALSE
mp-1977420,Li7Mn4CoO12,48,P-1,-2.034660819,FALSE
mp-1977436,Li7Mn4CoO12,48,P1,-2.06023023,FALSE
mp-1977559,Li7Mn4CoO12,48,C2/m,-2.033149502,FALSE
mp-775158,Li8Mn13Cr3O32,56,C2/m,-2.12527924,FALSE
mp-770529,Li8Mn15CrO32,56,P1,-2.079074758,FALSE
mp-780459,Li9Mn7Cr12O48,76,P1,-1.911262372,FALSE
mp-851099,Li9Mn7Cr12O48,76,P1,-1.913352421,FALSE
mp-770674,Li9V12Fe7O48,76,P1,-2.087878578,FALSE
mp-850893,Li9V12Fe7O48,76,P1,-2.090852953,FALSE
mp-776224,Li3V5O12,80,P2_1/c,-2.457602938,FALSE
mp-1177934,Li3V8O16,54,P1,-2.458033101,FALSE
mp-771780,Li3Zn(Fe5O8)4,56,Cm,-1.683307784,FALSE
mp-1177501,Li3Zn2Fe19O32,56,Cm,-1.699840574,FALSE
mp-771170,Li3Zn2Fe19O32,56,P1,-1.696343002,FALSE
mp-850945,Li47(NiO4)8,87,P1,-1.860940654,FALSE
mp-849405,Li4Cu2Ni5O12,46,P2_1,-1.316584592,FALSE
mp-760830,Li4Fe2O5,44,P2_1/c,-1.938707667,FALSE
mp-770893,Li4Fe2O5,44,P2_1/c,-1.91293496,FALSE
mp-759241,Li4Fe7O12,46,P2_1,-1.796059729,FALSE
mp-698705,Li4Mn13O24,41,P1,-2.00812001,FALSE
mp-779008,Li4Mn3O8,60,R32,-2.092431328,FALSE
mp-849516,Li4Mn5(CuO6)2,46,P2_1,-1.845462312,FALSE
mp-756259,Li4Mn5NbO12,44,C2/m,-2.209454345,FALSE
mp-691115,Li4Mn5O12,42,C2/c,-2.051456205,TRUE
mp-758315,Li4Mn7O12,69,P1,-2.06908626,FALSE
mp-1177463,Li4Mn9O18,62,Pbam,-1.970056962,FALSE
mp-541578,Li4Mo5O17,52,P-1,-2.095071893,FALSE
mp-768091,Li4Ni7O11,44,P-1,-1.41296329,FALSE
mp-758275,Li4Ni7O12,69,P1,-1.32760136,FALSE
mp-758960,Li4Ti2Fe5O12,46,P2_1,-2.26089554,FALSE
mp-759589,Li4Ti2Mn5O12,46,P2_1,-2.455400278,FALSE
mp-769508,Li4Ti2Mn7O18,62,Pbam,-2.285093775,FALSE
mp-759757,Li4Ti2Ni5O12,46,P2_1,-2.02904841,FALSE
mp-759236,Li4Ti2V5O12,46,P2_1,-2.608386733,FALSE
mp-769491,Li4Ti2V7O18,62,Pmc2_1,-2.619155623,FALSE
mp-769513,Li4Ti3Mn6O18,62,Pmc2_1,-2.447132392,FALSE
mp-1177271,Li4Ti3V6O18,62,Pmc2_1,-2.720010698,FALSE
mp-769512,Li4Ti4Mn5O18,62,Pbam,-2.60376947,FALSE
mp-769487,Li4Ti4V5O18,62,Pbam,-2.814139923,FALSE
mp-766836,Li4Ti5Mn4O18,62,Pbam,-2.751191548,FALSE
mp-760000,Li4Ti5VO12,66,P-1,-2.997460563,FALSE
mp-760999,Li4TiMn3O8,48,P1,-2.395259493,FALSE
mp-769509,Li4TiMn8O18,62,Pmc2_1,-2.132118723,FALSE
mp-769497,Li4TiV8O18,62,P1,-2.526566407,FALSE
mp-851075,Li4V5O12,84,P2_1/c,-2.424471152,FALSE
mp-758538,Li4V7O12,46,P2_1,-2.428055966,FALSE
mp-1177174,Li4V9O18,62,Pbam,-2.431884337,FALSE
mp-756449,Li4Y3FeO8,64,C222,-2.876646053,FALSE
mp-756303,Li4Y3MnO8,64,C222,-2.916084586,FALSE
mp-756980,Li4Y3VO8,64,C222,-3.012502496,FALSE
mp-780142,Li5(NiO2)4,68,P4_332,-1.491887071,FALSE
mp-758751,Li5(NiO2)8,58,P1,-1.257245705,FALSE
mp-766727,Li5Fe11O16,64,P2_1/c,-1.746400129,FALSE
mp-758794,Li5Fe5O12,44,P1,-1.703051746,FALSE
mp-759022,Li5Fe5O12,44,P1,-1.708763837,FALSE
mp-19511,Li5FeO4,80,Pbca,-2.040304658,TRUE
mp-770834,Li5FeO4,40,P2_1/c,-1.994400893,FALSE
mp-770923,Li5FeO4,40,P2_1/c,-1.968925946,FALSE
mp-779333,Li5FeO4,40,Pnnm,-1.97096027,FALSE
mp-779889,Li5FeO4,80,Pbca,-1.952213341,FALSE
mp-780192,Li5FeO4,40,P1,-1.993256733,FALSE
mp-780207,Li5FeO4,40,P1,-1.983025694,FALSE
mp-755409,Li5Mn2Cu3O10,40,P-1,-1.737864197,FALSE
mp-755123,Li5Mn3Nb2O10,40,P-1,-2.430571619,FALSE
mp-758752,Li5Mn5O12,44,P1,-2.021419486,FALSE
mp-758791,Li5Mn5O12,44,P1,-2.033222468,FALSE
mp-530177,Li5Mn7O16,56,Pnnm,-2.064808498,TRUE
mp-755825,Li5MnO4,40,Pmn2_1,-2.036854165,FALSE
mp-770510,Li5MnO4,80,Pbca,-2.056028754,FALSE
mp-770514,Li5MnO4,80,Pbca,-2.014299266,FALSE
mp-770528,Li5MnO4,80,P4_2/nmc,-2.000711883,FALSE
mp-1305525,Li5Nb2Fe3O10,40,P1,-2.287451071,FALSE
mp-754582,Li5Nb2Fe3O10,40,P-1,-2.28806247,FALSE
mp-754421,Li5Nb2V3O10,40,P-1,-2.497976504,FALSE
mp-775480,Li5Nb6NiO18,60,P1,-2.75852761,FALSE
mp-758491,Li5Ni9O16,60,P-1,-1.253977709,FALSE
mp-771876,Li5NiO4,80,Pbca,-1.823779895,FALSE
mp-774500,Li5NiO4,40,Aea2,-1.802758266,FALSE
mp-778478,Li5NiO4,80,Pbca,-1.736117426,FALSE
mp-1311067,Li5Ti2Mn3O10,40,P-1,-2.595848667,FALSE
mp-752782,Li5Ti2Mn3O10,40,P1,-2.593264429,FALSE
mp-771355,Li5Ti2Mn8O20,70,C2/m,-2.319796003,FALSE
mp-1289239,Li5Ti2V3O10,40,P-1,-2.697434627,FALSE
mp-1305527,Li5Ti2V3O10,40,P1,-2.701144632,FALSE
mp-760954,Li5Ti2V3O10,40,P-1,-2.701147565,FALSE
mp-769637,Li5Ti6FeO16,56,P2_1,-3.065878974,TRUE
mp-761048,Li5TiMn3O8,68,P1,-2.321582508,FALSE
mp-775413,Li5TiMn9O20,70,C2/m,-2.11178029,FALSE
mp-778500,Li5TiMn9O20,70,P1,-2.186679813,FALSE
mp-766385,Li5V12O32,49,Cm,-2.357192536,FALSE
mp-773027,Li5V18O44,67,Pm,-2.364826007,FALSE
mp-757773,Li5V5O12,44,P1,-2.423197114,FALSE
mp-758739,Li5V5O12,44,P1,-2.449686145,FALSE
mp-774871,Li5V6(CuO4)6,82,P2_1/c,-1.908639891,FALSE
mp-768104,Li6(NiO2)13,45,P-1,-1.138794546,FALSE
mp-780305,Li6Fe5O12,46,P1,-1.783269141,FALSE
mp-756155,Li6FeO4,44,P4_2/nmc,-1.96017886,FALSE
mp-757508,Li6Mn15O32,53,C2/m,-1.910622221,FALSE
mp-761797,Li6Mn15O32,53,P-1,-1.93395387,FALSE
mp-758827,Li6Mn17O40,63,Cm,-1.761592521,FALSE
mp-779719,Li6Mn5O12,46,P1,-2.099503539,FALSE
mp-867994,Li6Mn9O20,70,C2/m,-2.043535677,FALSE
mp-770533,Li6MnO4,44,P4_2/nmc,-2.049244322,FALSE
mp-1570562,Li6NiO4,44,Cmm2,-1.885328821,FALSE
mp-1641670,Li6NiO4,44,P4_2mc,-1.88290638,FALSE
mp-1643730,Li6NiO4,44,P2_1/m,-1.884850265,FALSE
mp-756411,Li6NiO4,44,Pmmn,-1.885812426,FALSE
mp-760815,Li6V5O12,46,P1,-2.456292218,FALSE
mp-768079,Li7(NiO2)11,40,P-1,-1.261781578,FALSE
mp-758820,Li7(NiO2)12,43,C2,-1.227327952,FALSE
mp-675534,Li7Mn10O24,41,C2,-1.983639514,FALSE
mp-34461,Li7Mn11O24,42,P-1,-2.024016584,FALSE
mp-675260,Li7Mn11O24,42,C2/m,-1.98122565,FALSE
mp-690435,Li7Mn11O24,42,C2,-2.024119941,FALSE
mp-765632,Li7Mn11O24,42,C2/m,-1.985924115,FALSE
mp-773172,Li7Mn12Cu5O32,56,R3,-1.806651954,FALSE
mp-757896,Li7Mn14O32,53,R3m,-1.933856477,FALSE
mp-531650,Li7Mn16O32,55,I-42m,-1.958485424,FALSE
mp-694974,Li7Mn16O32,55,P1,-2.024292714,FALSE
mp-531248,Li7Mn17O32,56,I-42m,-1.96667822,FALSE
mp-699179,Li7Mn17O32,56,C2,-2.047537571,FALSE
mp-1175308,Li7Mn5O12,48,P-1,-2.141971906,FALSE
mp-1175310,Li7Mn5O12,48,P-1,-2.115404648,FALSE
mp-1175313,Li7Mn5O12,48,P-1,-2.144148481,FALSE
mp-1175317,Li7Mn5O12,48,P-1,-2.139132441,FALSE
mp-1175318,Li7Mn5O12,48,P-1,-2.125330623,FALSE
mp-1175321,Li7Mn5O12,48,P-1,-2.126206823,FALSE
mp-1175323,Li7Mn5O12,48,P-1,-2.126163557,FALSE
mp-1175326,Li7Mn5O12,48,P-1,-2.127692627,FALSE
mp-1175335,Li7Mn5O12,48,P-1,-2.126554653,FALSE
mp-1175343,Li7Mn5O12,48,P-1,-2.135141574,FALSE
mp-1175347,Li7Mn5O12,48,C2/m,-2.128350091,FALSE
mp-1175351,Li7Mn5O12,48,P-1,-2.115592426,FALSE
mp-1175354,Li7Mn5O12,48,C2/m,-2.145559773,FALSE
mp-1175357,Li7Mn5O12,48,P2/m,-2.121443219,FALSE
mp-1175359,Li7Mn5O12,48,C2/m,-2.123895342,FALSE
mp-1175363,Li7Mn5O12,48,P2/m,-2.142076196,FALSE
mp-1175375,Li7Mn5O12,48,C2/m,-2.11532089,FALSE
mp-1638910,Li7Mn5O12,48,C2/m,-2.127234187,FALSE
mp-1639032,Li7Mn5O12,48,P-1,-2.139018028,FALSE
mp-1639283,Li7Mn5O12,48,P-1,-2.136487969,FALSE
mp-1639930,Li7Mn5O12,48,P1,-2.137450854,FALSE
mp-1640196,Li7Mn5O12,48,P-1,-2.13467041,FALSE
mp-1641274,Li7Mn5O12,48,P-1,-2.13335312,FALSE
mp-1642624,Li7Mn5O12,48,P-1,-2.135732553,FALSE
mp-1642906,Li7Mn5O12,48,P-1,-2.138396894,FALSE
mp-1643099,Li7Mn5O12,48,P-1,-2.140610894,FALSE
mp-1643648,Li7Mn5O12,48,P-1,-2.138398993,FALSE
mp-1643948,Li7Mn5O12,48,P-1,-2.138700615,FALSE
mp-1643980,Li7Mn5O12,48,P1,-2.140996347,FALSE
mp-1644001,Li7Mn5O12,48,P1,-2.140385633,FALSE
mp-1644153,Li7Mn5O12,48,P-1,-2.139859547,FALSE
mp-1644867,Li7Mn5O12,48,P-1,-2.138688014,FALSE
mp-1646544,Li7Mn5O12,48,P-1,-2.139244747,FALSE
mp-1646634,Li7Mn5O12,48,P-1,-2.136275769,FALSE
mp-1646892,Li7Mn5O12,48,P-1,-2.137737576,FALSE
mp-1647928,Li7Mn5O12,48,P1,-2.136949441,FALSE
mp-1648171,Li7Mn5O12,48,P-1,-2.138432665,FALSE
mp-1648875,Li7Mn5O12,48,P-1,-2.139003021,FALSE
mp-1650669,Li7Mn5O12,48,P-1,-2.132728268,FALSE
mp-1650854,Li7Mn5O12,48,P-1,-2.136936117,FALSE
mp-1651001,Li7Mn5O12,48,P-1,-2.137883713,FALSE
mp-1651187,Li7Mn5O12,48,P-1,-2.137991811,FALSE
mp-1651541,Li7Mn5O12,48,P-1,-2.13452753,FALSE
mp-1652638,Li7Mn5O12,48,P-1,-2.136812489,FALSE
mp-1666644,Li7Mn5O12,48,P-1,-2.13907701,FALSE
mp-1666665,Li7Mn5O12,48,P-1,-2.137601272,FALSE
mp-1666672,Li7Mn5O12,48,P-1,-2.135226508,FALSE
mp-1666768,Li7Mn5O12,48,P-1,-2.137228541,FALSE
mp-1667148,Li7Mn5O12,48,P-1,-2.13408324,FALSE
mp-1977994,Li7Mn5O12,48,P1,-2.133067281,FALSE
mp-1978357,Li7Mn5O12,48,P-1,-2.133484962,FALSE
mp-764764,Li7Mn5O12,48,C2/m,-2.154309112,FALSE
mp-767763,Li7Mn8O20,70,C2/m,-2.012361226,FALSE
mp-758593,Li7Ni13O24,44,C2/m,-1.245496228,FALSE
mp-772995,Li7Ti12Fe5O32,56,R3,-2.926987352,FALSE
mp-771056,Li7Ti5Mn12O32,56,P1,-2.455157382,FALSE
mp-1638858,Li8(FeO2)5,46,P1,-1.801036976,FALSE
mp-1643420,Li8(FeO2)5,46,P-1,-1.803857469,FALSE
mp-1643829,Li8(FeO2)5,46,P-1,-1.801910962,FALSE
mp-758772,Li8(NiO2)11,82,P1,-1.327359237,FALSE
mp-779474,Li8Fe2O7,68,P2_1/c,-1.95861431,FALSE
mp-772983,Li8Fe2O9,76,P-1,-1.841819935,FALSE
mp-773132,Li8Mn2O9,76,P-1,-1.980619325,FALSE
mp-759775,Li8Mn9O18,70,P1,-2.115056772,FALSE
mp-772622,Li8Ti6Mn7O30,51,P3,-2.499373408,FALSE
mp-767679,Li8TiMn3O12,48,P2,-2.290731758,FALSE
mp-768084,Li8V11O22,41,P-1,-2.459176788,FALSE
mp-756255,Li8VO6,60,P-1,-2.207564022,FALSE
mp-775731,Li9(NiO4)2,76,Pca2_1,-1.699547156,FALSE
mp-772996,Li9Fe23O32,64,C2,-1.701212601,FALSE
mp-769514,Li9Mn12Cu3O32,56,R3,-1.884498099,FALSE
mp-766830,Li9Mn14O32,55,Cm,-2.01623877,FALSE
mp-531804,Li9Mn15O32,56,P1,-2.056898602,FALSE
mp-767704,Li9Mn15O32,56,C2/m,-2.015496509,FALSE
mp-769450,Li9Mn15O32,56,P1,-2.059286502,FALSE
mp-673697,Li9Mn20O40,69,I-4,-1.963110059,FALSE
mp-690161,Li9Mn20O40,69,P1,-2.038296047,FALSE
mp-1177178,Li9Mn21O40,70,F222,-2.041797981,FALSE
mp-530725,Li9Mn21O40,70,I-4,-1.969622586,FALSE
mp-776365,Li9Mn21O40,70,P1,-2.058711225,FALSE
mp-530336,Li9Mn22O48,79,Cm,-1.912124839,FALSE
mp-1176815,Li9Mn5O12,52,C2/c,-2.057065994,FALSE
mp-849386,Li9Nb7V12O48,76,P1,-2.587547452,FALSE
mp-850928,Li9Nb7V12O48,76,P1,-2.585105172,FALSE
mp-759153,Li9Ni15O28,52,P-1,-1.287355187,FALSE
mp-531942,Li9Ni23O32,64,P1,-1.351206059,FALSE
mp-776279,Li9V19O48,76,P1,-2.408962153,FALSE
mp-766679,Li9V21O40,70,I-4,-2.504866061,FALSE
mp-776467,Li9Y(NiO4)2,80,Pnma,-2.04069603,FALSE
mp-773010,LiFe23O32,56,R-3m,-1.616236139,FALSE
mp-21735,LiFe5O8,56,P4_332,-1.709526014,FALSE
mp-850511,LiFeO2,64,Pbca,-1.862459472,FALSE
mp-766948,LiMn10O20,62,I4_1/a,-1.826747406,FALSE
mp-694894,LiMn12O24,74,P2/c,-1.817675957,FALSE
mp-1003549,LiMn16O32,49,Pm,-1.833733488,FALSE
mp-775739,LiMn28O56,85,R3,-1.773627861,FALSE
mp-1016095,LiMn2O4,42,Cc,-2.006542374,FALSE
mp-1097867,LiMn2O4,42,P1,-2.060603496,FALSE
mp-22584,LiMn2O4,42,Fd-3m,-2.020669213,FALSE
mp-758700,LiMn2O4,42,P1,-2.006558681,FALSE
mp-1176672,LiMn3O6,40,Cc,-1.977061589,FALSE
mp-758426,LiMn3O6,40,I4_1/amd,-1.916213097,FALSE
mp-762514,LiMn3O6,40,P1,-1.943452402,FALSE
mp-763655,LiMn3O6,40,P1,-1.975385261,FALSE
mp-1003315,LiMn4O8,52,P2_1/c,-1.920506128,FALSE
mp-1195443,LiMn4O8,52,P2_13,-1.909543824,FALSE
mp-35530,LiMn4O8,52,F-43m,-1.906082747,FALSE
mp-770866,LiMn5O8,56,P4_332,-2.018707654,FALSE
mp-1176651,LiMn6O12,57,P1,-1.866637884,FALSE
mp-758753,LiMn6O12,57,C2,-1.862951348,FALSE
mp-1312332,LiMn7O12,40,C2/m,-1.938637631,FALSE
mp-770641,LiMn7O12,80,I4_1/acd,-1.94917302,FALSE
mp-1176738,LiMn7O14,88,C2/c,-1.856199671,FALSE
mp-1016165,LiMn8O16,50,Pc,-1.864059159,FALSE
mp-36240,LiMn8O16,50,Pmmn,-1.842537997,FALSE
mp-531604,LiMnO2,80,Cm,-2.14139345,FALSE
mp-675370,LiMnO2,56,Pmm2,-2.142373549,FALSE
mp-756475,LiMnO2,40,P-1,-2.107906736,FALSE
mp-779788,LiMnO2,48,P1,-2.114466778,FALSE
mp-774457,LiNb7V12O48,68,P1,-2.531123987,FALSE
mp-757803,LiTi2V3O12,72,P1,-2.734021531,FALSE
mp-764774,LiTi2V3O12,72,P2_1/c,-2.744180213,FALSE
mp-774505,LiTi2VO6,40,P2_1/c,-3.062802662,FALSE
mp-753531,LiTi3VO8,52,R-3m,-3.099075107,FALSE
mp-769573,LiTiVO4,42,P1,-2.880023616,FALSE
mp-774591,LiV18O44,63,Pm,-2.291583627,FALSE
mp-760797,LiV24O58,83,P1,-2.299557136,FALSE
mp-776037,LiV4O10,90,P-1,-2.34977389,FALSE
mp-505717,LiV6O13,40,C2/m,-2.408712078,FALSE
mp-542050,LiV6O13,40,P-1,-2.412591113,FALSE
mp-776036,LiV6O15,88,P2_1/c,-2.324549622,FALSE
mp-767268,LiV9O22,64,P2_1/m,-2.305640773,FALSE
mp-773031,LiV9O22,64,P2_1/m,-2.300064667,FALSE
mp-1222477,LiVZnO4,42,R3,-2.28666465,TRUE
mp-771993,LiZn2Fe9O16,56,Cm,-1.68822653,FALSE
mp-769606,LiZn4Fe13O24,42,Cm,-1.668206637,FALSE
mp-771348,LiZn6Fe17O32,56,Cm,-1.658704415,FALSE
mp-771267,LiZnFe7O12,42,Cm,-1.692872043,FALSE
